generation,best_fitness,mean_fitness,std_fitness
0,-499.4743539261896,-2394.578877717044,2350.539324252804
1,-473.9593090873854,-1256.6202409362415,1053.2988230016338
2,-473.9593090873854,-872.9767043020756,667.1378098523679
3,-466.63434091222166,-1076.585371125223,931.6265454777231
4,-466.63434091222166,-1023.2687117827734,933.4980638769799
5,-464.87025287625585,-1048.8465438564133,907.3908548262472
6,-464.87025287625585,-888.6764847271849,670.1187732069629
7,-464.87025287625585,-1006.5405269136468,775.7613110062729
8,-456.9549030557998,-889.0327569652331,751.9468495700896
9,-456.9549030557998,-881.9541399141132,642.1919240768237
10,-432.56269421623,-737.8105698822153,538.292780984235
11,-432.56269421623,-839.4817658027026,635.2101030536194
12,-394.325228548189,-702.3089632625994,462.83150584261176
13,-394.325228548189,-930.339642526139,688.345767878577
14,-394.325228548189,-961.162072206478,1527.3507909809932
15,-394.325228548189,-839.1294807473446,684.2147814025477
16,-394.325228548189,-947.2804671621811,1586.9861600753263
17,-394.325228548189,-879.3645751376094,659.0319788245944
18,-394.325228548189,-728.6499093815569,495.8916186890816
19,-394.325228548189,-720.8607095915572,463.0439449475106
20,-394.325228548189,-780.233341253809,626.0529534258221
21,-394.325228548189,-797.8110966002089,561.207449676153
22,-394.325228548189,-863.6223871297339,626.2958255608478
23,-394.325228548189,-769.3542375881176,523.9016771889496
24,-394.325228548189,-666.863549583694,403.894677386133
25,-394.325228548189,-796.7611864419488,603.516530584066
26,-394.325228548189,-765.3518467430304,589.6527291167205
27,-394.325228548189,-710.3325852672526,475.52203274137
28,-394.325228548189,-742.0432544409452,512.7853453230678
29,-394.325228548189,-766.3918321897761,578.7548885561197
30,-394.325228548189,-841.7408796371014,701.728691719755
31,-394.325228548189,-821.3387123647751,615.9376418064596
32,-394.325228548189,-748.5582897091301,632.1961498179456
33,-394.325228548189,-830.0327974071092,733.0243616324135
34,-394.325228548189,-821.4742026810778,777.7705477864138
35,-394.325228548189,-674.1175660033169,496.82284573946254
36,-394.325228548189,-779.9092482889816,666.6339116432639
37,-394.325228548189,-853.6782066384758,763.7345037422131
38,-394.325228548189,-797.4686439102996,637.5770523388198
39,-394.325228548189,-783.4376118394018,492.90656676415267
40,-394.325228548189,-775.3455646111539,542.4651829471371
41,-394.325228548189,-714.4323324550254,420.3068716313182
42,-394.325228548189,-898.73870356583,800.1498109958476
43,-394.325228548189,-859.2501733319815,668.1719884230805
44,-394.325228548189,-747.2174487793823,487.743152474859
45,-394.325228548189,-861.6033834190065,983.8009423476723
46,-394.325228548189,-752.0147191390926,502.718948043951
47,-394.325228548189,-870.0750813167224,613.0210179417461
48,-394.325228548189,-731.9464952819376,433.05845116537967
49,-394.325228548189,-799.2062045794963,603.6769670925765
50,-394.325228548189,-817.0366228813938,617.8428285738773
51,-394.325228548189,-912.6748943747203,665.8694371293481
52,-394.325228548189,-764.2256973954926,487.5893629205382
53,-394.325228548189,-756.6377583299145,536.1101356472112
54,-394.325228548189,-642.1039575094386,361.18539271968973
55,-394.325228548189,-736.3960373946617,486.0290613518508
56,-394.325228548189,-767.3512012035288,605.7390866111036
57,-394.325228548189,-689.8433535705851,418.34182382574403
58,-394.325228548189,-867.5497074578822,614.2226553387578
59,-394.325228548189,-851.1869407778852,582.9364457590833
60,-394.325228548189,-783.8840845792181,587.1392967145149
61,-394.325228548189,-863.1197389101166,657.5663028093786
62,-394.325228548189,-797.5821598408452,526.6154908928079
63,-394.325228548189,-775.0772448960275,509.136888090326
64,-394.325228548189,-778.1525602579187,622.2294687605463
65,-394.325228548189,-675.159499804957,422.0313509304791
66,-394.325228548189,-765.9956786618749,553.7312290911233
67,-394.325228548189,-773.5423226073058,527.3607770906283
68,-394.325228548189,-884.3533942362757,656.773741678971
69,-394.325228548189,-765.1128355987177,534.5198787045579
70,-394.325228548189,-853.4662263023621,616.2377844854863
71,-394.325228548189,-794.60141764581,601.8860465797396
72,-394.325228548189,-752.7343945380239,554.2780507772258
73,-394.325228548189,-841.6630315655889,625.691421511892
74,-394.325228548189,-774.3705367700703,562.3271368511572
75,-394.325228548189,-760.275286794954,514.3499380964221
76,-394.325228548189,-724.0738485840295,478.7011674983029
77,-394.325228548189,-746.9544815683626,543.4010427911724
78,-394.325228548189,-828.7157442496855,558.0543185980888
79,-394.325228548189,-791.0371158299691,548.8155007432156
80,-394.325228548189,-885.3130522504825,675.3253330381731
81,-394.325228548189,-791.0759837389833,576.4312020366805
82,-394.325228548189,-874.0084967427994,605.1529222219239
83,-394.325228548189,-790.638904685026,577.7120110425865
84,-394.325228548189,-821.2943993284595,534.9461251926975
85,-394.325228548189,-862.9669489222204,651.9783195825984
86,-394.325228548189,-838.2158393270788,678.448938608993
87,-394.325228548189,-749.8636362693026,670.6475005423689
88,-394.325228548189,-863.7484794377262,655.9981760440303
89,-394.325228548189,-821.446235395803,618.6144203784323
90,-394.0053607424356,-867.023374913709,699.7766000630548
91,-394.0053607424356,-881.3574350492461,733.7559321892106
92,-394.0053607424356,-802.3215253648638,594.5882942169715
93,-394.0053607424356,-834.6336363210639,842.0585843148427
94,-394.0053607424356,-797.4073940008301,529.7904373596078
95,-394.0053607424356,-796.5604460423784,776.9474535107754
96,-394.0053607424356,-790.2139704636104,541.3824849158997
97,-394.0053607424356,-888.8093976345164,655.6664061938965
98,-394.0053607424356,-735.6772287459331,551.2352396352246
99,-394.0053607424356,-707.9917742225176,492.15924487432517
100,-394.0053607424356,-774.2990835982504,522.9143327359084
101,-394.0053607424356,-860.1775321315413,598.3642295403105
102,-394.0053607424356,-846.9173652392941,628.870089617351
103,-394.0053607424356,-828.5175568593904,575.7803618405301
104,-394.0053607424356,-731.1523289361487,469.9607387315885
105,-394.0053607424356,-901.2258880307762,644.2661278078382
106,-394.0053607424356,-863.6697240236031,623.1364136213948
107,-394.0053607424356,-727.150621652123,507.29439290754635
108,-394.0053607424356,-690.8401468682847,448.18078636538803
109,-394.0053607424356,-858.5602797607794,634.5079560075935
110,-394.0053607424356,-792.0491543706452,493.6656444341139
111,-394.0053607424356,-848.2820276390984,664.2465412800035
112,-394.0053607424356,-788.3717676710701,558.7568160269075
113,-394.0053607424356,-856.9002340374582,624.8462342483181
114,-394.0053607424356,-712.7315544177628,479.5964950390548
115,-394.0053607424356,-756.3951063992275,589.6769951870274
116,-394.0053607424356,-771.006014519076,585.5320404168443
117,-394.0053607424356,-804.4316965698038,598.7785464287255
118,-394.0053607424356,-777.4764107838962,536.6513085413831
119,-394.0053607424356,-822.29432921105,588.9306950444358
120,-394.0053607424356,-818.6494671008547,674.1617404409915
121,-394.0053607424356,-764.1563457600132,634.0351431492701
122,-394.0053607424356,-797.1336595950087,609.7374502019009
123,-394.0053607424356,-805.9321219155472,572.499626053376
124,-394.0053607424356,-858.6190392708625,655.4018181427251
125,-394.0053607424356,-890.4271070341692,656.5912719683964
126,-394.0053607424356,-764.7587118709397,479.47504616385345
127,-394.0053607424356,-865.9392097463581,604.9845733803506
128,-394.0053607424356,-796.4829542068977,585.6431121186213
129,-394.0053607424356,-982.0686948906048,749.2208113866137
130,-394.0053607424356,-892.428414673433,694.4238713883924
131,-394.0053607424356,-888.5844519691229,653.5530209272378
132,-394.0053607424356,-962.8407599648835,779.6989682041582
133,-394.0053607424356,-799.388675864898,610.1101422936579
134,-394.0053607424356,-777.6221597460953,533.2785448050715
135,-394.0053607424356,-926.0615722686135,683.1381397889139
136,-394.0053607424356,-863.9623682121938,695.3114778616196
137,-394.0053607424356,-746.6339988170627,466.74290686485125
138,-394.0053607424356,-962.721791541244,1828.315032828794
139,-394.0053607424356,-767.3787459065821,554.2883075498286
140,-394.0053607424356,-785.2434771912489,551.3616201617591
141,-394.0053607424356,-845.5049360737502,580.498855767753
142,-394.0053607424356,-757.6139885453362,556.9462982095876
143,-390.68702807624504,-754.9391539985564,531.1158279127146
144,-390.68702807624504,-741.5772796159157,517.236088232911
145,-390.68702807624504,-800.3850029816252,604.3013659464654
146,-390.68702807624504,-814.6790781196496,632.5721135269555
147,-390.68702807624504,-738.4436840520112,519.394130062151
148,-390.68702807624504,-826.1629971182879,555.4785037720676
149,-390.68702807624504,-722.5804834788223,464.70354951328517
150,-390.68702807624504,-792.929689198488,563.5410711798024
151,-390.68702807624504,-803.3514047587618,957.5738196977335
152,-390.68702807624504,-780.9185218525264,555.6701701219154
153,-390.68702807624504,-880.5292807173564,641.2919993439249
154,-390.68702807624504,-831.481475750935,578.6972885488202
155,-390.68702807624504,-763.2358031822205,571.4282592817847
156,-390.68702807624504,-755.7521438970958,527.6758012101188
157,-390.68702807624504,-821.3890399785234,592.1600280613649
158,-390.68702807624504,-820.7887646062808,583.9441283933642
159,-390.68702807624504,-902.4865494929896,668.8024081282687
160,-390.68702807624504,-835.6074099530032,630.7200964016957
161,-390.68702807624504,-797.2410441689773,622.9543117775048
162,-390.68702807624504,-795.3563885410141,561.9489177925336
163,-390.68702807624504,-777.7112682241612,543.5005547992362
164,-390.68702807624504,-768.182055317847,536.1324583542164
165,-390.68702807624504,-828.7081991057767,599.3329846745263
166,-390.68702807624504,-955.8708504865542,1441.265676384686
167,-390.68702807624504,-758.9530468606227,553.523345855174
168,-390.68702807624504,-804.9774396571127,577.756774613654
169,-390.68702807624504,-797.8546853971118,540.0722841041558
170,-390.68702807624504,-797.494107549412,563.1512713928429
171,-390.68702807624504,-826.0790307312525,598.6844722063921
172,-390.68702807624504,-774.2483041858414,529.2018323923398
173,-390.68702807624504,-831.4377283497402,586.2462271357524
174,-390.68702807624504,-900.8898373643032,652.1752402860711
175,-390.68702807624504,-772.3328148422535,542.8895953018338
176,-390.68702807624504,-841.9595479954266,663.3879465362629
177,-390.68702807624504,-931.9895719186134,1225.499631976681
178,-390.68702807624504,-808.8871278809378,570.2948965505234
179,-390.68702807624504,-806.2851641229701,603.3960488271231
180,-390.68702807624504,-761.5544565950611,516.9747579785113
181,-390.68702807624504,-834.3384846774362,566.5011076897531
182,-390.68702807624504,-763.0563868788049,565.7386961607288
183,-390.68702807624504,-809.910179306666,543.7602407075947
184,-390.68702807624504,-804.3671870761295,573.3856003600197
185,-390.68702807624504,-792.1013424466939,609.0282407704526
186,-390.68702807624504,-725.2013680669136,584.8043723293949
187,-390.68702807624504,-817.677636094721,569.282346289067
188,-390.68702807624504,-787.3593400438272,506.7163206960303
189,-390.68702807624504,-805.3517929275722,549.8855267496562
190,-390.68702807624504,-852.4707933707704,624.1579124875501
191,-390.68702807624504,-792.8378559059569,527.7354782696495
192,-390.68702807624504,-887.131750991448,728.1724139282269
193,-390.68702807624504,-773.8666113646306,549.4772475751923
194,-390.68702807624504,-804.3859417238468,597.1051126514789
195,-390.68702807624504,-766.9167186525723,538.4969300058186
196,-390.68702807624504,-868.6249939956585,699.8919019402911
197,-390.68702807624504,-865.9025804712923,639.8088280041065
198,-390.68702807624504,-860.606312662124,597.0411726707566
199,-390.68702807624504,-875.96431128382,605.6055923545143
200,-390.68702807624504,-838.2589214370465,650.9118141817793
201,-390.68702807624504,-811.0373732926261,570.635776644955
202,-390.68702807624504,-787.4328567829838,577.9124717052591
203,-390.68702807624504,-770.5037592892648,590.8778537204977
204,-390.68702807624504,-808.814378070622,581.4309046084833
205,-390.68702807624504,-710.5404396014916,465.4605976430964
206,-390.68702807624504,-838.2514445430932,596.80092741729
207,-390.68702807624504,-829.2248463020262,584.7518320273855
208,-390.68702807624504,-811.9249183574451,549.4043271689374
209,-390.68702807624504,-851.0174094410671,692.224042257809
210,-390.68702807624504,-750.7784471916451,485.6235315870897
211,-390.68702807624504,-790.4490608651378,536.2854332101316
212,-390.68702807624504,-886.7274201158388,621.7830055908572
213,-390.68702807624504,-759.0676208622391,526.8854175731237
214,-390.68702807624504,-823.192671007319,567.4452659100505
215,-390.68702807624504,-901.8821471332442,654.9872552122183
216,-390.68702807624504,-830.1279749765625,574.5807848034293
217,-390.68702807624504,-786.621170344815,521.8047916577985
218,-390.68702807624504,-860.0176233967801,585.2046577434672
219,-390.68702807624504,-776.2161749870215,544.8180471539965
220,-390.68702807624504,-858.1294776496068,886.6153923314497
221,-390.68702807624504,-787.928097485724,581.2145473216814
222,-390.68702807624504,-936.5704422639778,1219.1850760686557
223,-390.68702807624504,-668.1995384816852,394.3472110752613
224,-390.68702807624504,-794.4205800979358,578.7059331602062
225,-390.68702807624504,-819.877693431723,565.4611793254123
226,-390.68702807624504,-795.9240736985955,573.5077606989039
227,-390.68702807624504,-763.733588213446,483.2917338112648
228,-390.68702807624504,-791.9194581433208,545.9119655172078
229,-390.68702807624504,-785.7491915585483,608.1889069184075
230,-390.68702807624504,-793.756536120666,550.6546651817728
231,-390.68702807624504,-852.7712692036897,900.3249022300516
232,-390.68702807624504,-922.0834537029398,709.9895982961385
233,-390.68702807624504,-801.5537436185856,577.7855001557485
234,-390.68702807624504,-873.7356319534476,629.0450055033047
235,-390.68702807624504,-821.2636949447844,657.5612640749843
236,-390.68702807624504,-862.9111383125833,602.3265073376464
237,-390.68702807624504,-817.774668995398,566.7342986134543
238,-390.68702807624504,-844.0348131482847,597.2589355246818
239,-390.68702807624504,-787.6399618960136,588.3275784658638
240,-390.68702807624504,-911.322853420792,644.9927737747652
241,-390.68702807624504,-833.0237333622133,683.24137408507
242,-390.68702807624504,-890.8816631634589,668.1241347845405
243,-390.68702807624504,-835.7601220485697,653.5562694416373
244,-383.9907466163377,-860.0860544457419,550.1093952232827
245,-383.9907466163377,-861.0359540627036,632.146248887026
246,-383.9907466163377,-1005.9266290018438,1448.9931539123884
247,-383.9907466163377,-818.6847571894336,618.7867029828207
248,-383.9907466163377,-804.4764805983087,584.7521389615043
249,-383.9907466163377,-834.9390159129397,560.646625393134
250,-383.9907466163377,-907.00974948553,696.3337645665658
251,-383.9907466163377,-771.958756174235,523.9036994907801
252,-383.9907466163377,-912.2634499753012,598.9222680113412
253,-383.9907466163377,-863.7800782935641,597.6585773019809
254,-383.9907466163377,-864.214105959084,618.5069837625723
255,-383.9907466163377,-779.3464768066958,574.0218228356099
256,-383.9907466163377,-833.145681530586,571.1140366009859
257,-383.9907466163377,-800.4973665835034,538.2399624912322
258,-383.9907466163377,-867.5008058673845,621.0879651160107
259,-383.9907466163377,-959.4914489133857,760.427973828892
260,-383.9907466163377,-848.3686432022376,613.1170719818343
261,-383.9907466163377,-846.427746093782,617.1551689284837
262,-383.9907466163377,-851.0207849591151,573.1847889597666
263,-383.9907466163377,-843.6437507282029,591.6645204349655
264,-383.9907466163377,-931.1656635407354,588.6943984079951
265,-383.9907466163377,-780.5623964509297,511.1947132557194
266,-383.9907466163377,-709.7347894633573,433.243822484202
267,-383.9907466163377,-780.8278158762395,593.3610694892958
268,-383.9907466163377,-752.3967686505936,502.8804784492295
269,-383.9907466163377,-776.5022709634403,549.6179014417527
270,-383.9907466163377,-852.9508719292753,619.5132063814125
271,-383.9907466163377,-824.5904100506817,562.5467501961509
272,-383.9907466163377,-805.2617893264871,513.4462950070576
273,-383.9907466163377,-843.7504388554242,633.0499390393903
274,-383.9907466163377,-814.6603854236419,562.3991724451682
275,-383.9907466163377,-825.7034913974354,578.7357572489841
276,-383.9907466163377,-772.8440706560632,540.5222606192168
277,-383.9907466163377,-907.8541946935436,697.7241601862681
278,-383.9907466163377,-812.4452258968142,527.2646894261006
279,-383.9907466163377,-844.251530086544,560.8095220039124
280,-383.9907466163377,-865.6223932414013,590.2242474766746
281,-383.9907466163377,-863.2248489599333,622.0423110510104
282,-383.9907466163377,-809.696535951042,546.8997087161044
283,-383.9907466163377,-821.5465039693735,562.9045860836334
284,-383.9907466163377,-859.8529606533607,598.4720068366195
285,-383.9907466163377,-833.4347762302054,601.81385667307
286,-383.9907466163377,-929.640934152739,631.2227224315409
287,-383.9907466163377,-740.8034514724379,475.4421108721164
288,-383.9907466163377,-865.9641193015239,668.189040407512
289,-383.9907466163377,-825.9367563726333,587.1297695314223
290,-383.9907466163377,-795.8991796410377,518.097747609276
291,-383.9907466163377,-884.9725226175827,652.8041067357254
292,-383.9907466163377,-897.034369002478,612.1817483808953
293,-383.9907466163377,-778.8963446068528,541.1164475938132
294,-383.9907466163377,-886.3838208222911,587.7924529114432
295,-383.9907466163377,-863.8103681918368,575.0722693159506
296,-383.9907466163377,-926.7294642961706,724.683738155521
297,-383.9907466163377,-870.7672119189197,601.1516606111082
298,-383.9907466163377,-829.8060373944705,637.5428182206335
299,-383.9907466163377,-831.1252190507533,544.821288265288
